{
  "project_info": {
    "project_number": "968465495152",
    "project_id": "mini-project-49556",
    "storage_bucket": "mini-project-49556.appspot.com"
  },
  "client": [
    {
      "client_info": {
        "mobilesdk_app_id": "1:968465495152:android:53e60bee1a319f14b970b5",
        "android_client_info": {
          "package_name": "com.example.mini"
        }
      },
      "oauth_client": [
        {
          "client_id": "968465495152-7gjabko1s1ik49kdmt300qhkl0lv04j8.apps.googleusercontent.com",
          "client_type": 1,
          "android_info": {
            "package_name": "com.example.mini",
            "certificate_hash": "e5b0c75b6a1a7fc3a01c46f31719bbe26c8d1132"
          }
        },
        {
          "client_id": "968465495152-glgp5ocs307hn3nkhr7h1m6eujfff2bl.apps.googleusercontent.com",
          "client_type": 3
        }
      ],
      "api_key": [
        {
          "current_key": "AIzaSyCajMuyprjJfM0KCkOdPpOBqQNKIaTW53M"
        }
      ],
      "services": {
        "appinvite_service": {
          "other_platform_oauth_client": [
            {
              "client_id": "968465495152-glgp5ocs307hn3nkhr7h1m6eujfff2bl.apps.googleusercontent.com",
              "client_type": 3
            }
          ]
        }
      }
    }
  ],
  "configuration_version": "1"
}